{
  "epoch": [
    1,
    2,
    3,
    4,
    5,
    6,
    7,
    8,
    9,
    10
  ],
  "loss": [
    10.327984809875488,
    10.327984809875488,
    10.065777778625488,
    9.782533645629883,
    9.598804473876953,
    9.515071868896484,
    9.807271957397461,
    9.521758079528809,
    9.204429626464844,
    9.022186279296875
  ],
  "token_accuracy": [
    0.0,
    0.0,
    0.11428571428571428,
    0.2857142857142857,
    0.2857142857142857,
    0.2857142857142857,
    0.02857142857142857,
    0.2857142857142857,
    0.4,
    0.4857142857142857
  ],
  "exact_match_accuracy": [
    0.0,
    0.0,
    0.0,
    0.0,
    0.0,
    0.0,
    0.0,
    0.0,
    0.0,
    0.0
  ],
  "learning_rate": [
    0.0,
    0.0001,
    0.0002,
    0.0003,
    0.0004,
    0.0005,
    0.0004993910125649561,
    0.0004975670171853926,
    0.0004945369001834514,
    0.0004903154239845797
  ],
  "copy_accuracy": [
    0.0,
    0.0,
    0.0,
    0.0,
    0.0,
    0.0,
    0.0,
    0.0,
    0.0,
    0.0
  ],
  "increment_accuracy": [
    0.0,
    0.0,
    0.0,
    0.0,
    0.0,
    0.0,
    0.0,
    0.0,
    0.0,
    0.0
  ],
  "val_token_accuracy": [
    0.0,
    0.0,
    0.32857142857142857,
    0.32857142857142857,
    0.32857142857142857,
    0.05714285714285714,
    0.05714285714285714,
    0.05714285714285714,
    0.4142857142857143,
    0.4142857142857143
  ],
  "val_exact_match_accuracy": [
    0.0,
    0.0,
    0.0,
    0.0,
    0.0,
    0.0,
    0.0,
    0.0,
    0.0,
    0.0
  ]
}