{
  "epoch": [
    1,
    2,
    3,
    4,
    5,
    6,
    7,
    8,
    9,
    10,
    11,
    12,
    13,
    14,
    15,
    16,
    17,
    18,
    19,
    20
  ],
  "loss": [
    5.260429382324219,
    4.520648002624512,
    4.829375267028809,
    4.5006208419799805,
    4.4254655838012695,
    4.330918788909912,
    3.9213032722473145,
    4.335161209106445,
    3.5620508193969727,
    3.3959546089172363,
    3.8478424549102783,
    3.855757474899292,
    3.705225944519043,
    3.31676983833313,
    3.229032278060913,
    3.2419750690460205,
    3.0695111751556396,
    3.021665573120117,
    2.8930227756500244,
    3.1441359519958496
  ],
  "token_accuracy": [
    0.11428571428571428,
    0.45714285714285713,
    0.2857142857142857,
    0.45714285714285713,
    0.4,
    0.42857142857142855,
    0.4857142857142857,
    0.2857142857142857,
    0.8571428571428571,
    0.8285714285714286,
    0.4857142857142857,
    0.5428571428571428,
    0.5714285714285714,
    0.6,
    0.6,
    0.6,
    0.6571428571428571,
    0.7142857142857143,
    0.8,
    0.5428571428571428
  ],
  "exact_match_accuracy": [
    0.5,
    0.5,
    0.5,
    0.5,
    0.5,
    0.5,
    0.5,
    0.5,
    0.5,
    0.5,
    0.5,
    0.5,
    0.5,
    0.5,
    0.5,
    0.5,
    0.5,
    0.5,
    0.5,
    0.5
  ],
  "learning_rate": [
    0.001,
    0.001,
    0.001,
    0.001,
    0.001,
    0.001,
    0.001,
    0.001,
    0.001,
    0.001,
    0.001,
    0.001,
    0.001,
    0.001,
    0.001,
    0.001,
    0.001,
    0.001,
    0.001,
    0.001
  ]
}